--
-- Script was generated by Devart dbForge Studio 2020 for MySQL, Version 9.0.597.0
-- Product home page: http://www.devart.com/dbforge/mysql/studio
-- Script date 24/1/2022 4:31:03 PM
-- Server version: 10.4.21
-- Client version: 4.1
--

-- 
-- Disable foreign keys
-- 
/*!40014 SET @OLD_FOREIGN_KEY_CHECKS=@@FOREIGN_KEY_CHECKS, FOREIGN_KEY_CHECKS=0 */;

-- 
-- Set SQL mode
-- 
/*!40101 SET @OLD_SQL_MODE=@@SQL_MODE, SQL_MODE='NO_AUTO_VALUE_ON_ZERO' */;

--
-- Set default database
--
USE toiec365;

--
-- Drop table `hibernate_sequence`
--
DROP TABLE IF EXISTS hibernate_sequence;

--
-- Drop table `exam_part`
--
DROP TABLE IF EXISTS exam_part;

--
-- Drop table `exams`
--
DROP TABLE IF EXISTS exams;

--
-- Drop table `user_authority`
--
DROP TABLE IF EXISTS user_authority;

--
-- Drop table `authority`
--
DROP TABLE IF EXISTS authority;

--
-- Drop table `users`
--
DROP TABLE IF EXISTS users;

--
-- Drop table `questions`
--
DROP TABLE IF EXISTS questions;

--
-- Drop table `group_question`
--
DROP TABLE IF EXISTS group_question;

--
-- Drop table `parts`
--
DROP TABLE IF EXISTS parts;

--
-- Set default database
--
USE toiec365;

--
-- Create table `parts`
--
CREATE TABLE parts (
  id BIGINT(20) NOT NULL,
  number_part VARCHAR(255) DEFAULT NULL,
  part_desc VARCHAR(255) DEFAULT NULL,
  part_name VARCHAR(255) DEFAULT NULL,
  PRIMARY KEY (id)
)
ENGINE = INNODB,
AVG_ROW_LENGTH = 1638,
CHARACTER SET utf8mb4,
COLLATE utf8mb4_general_ci;

--
-- Create table `group_question`
--
CREATE TABLE group_question (
  id INT(11) NOT NULL AUTO_INCREMENT,
  audio VARCHAR(255) DEFAULT NULL,
  group_question_desc VARCHAR(255) DEFAULT NULL,
  group_question_img VARCHAR(255) DEFAULT NULL,
  paragraph VARCHAR(255) DEFAULT NULL,
  title VARCHAR(255) DEFAULT NULL,
  transcript VARCHAR(255) DEFAULT NULL,
  part_id BIGINT(20) NOT NULL,
  PRIMARY KEY (id)
)
ENGINE = INNODB,
AUTO_INCREMENT = 30,
AVG_ROW_LENGTH = 712,
CHARACTER SET utf8mb4,
COLLATE utf8mb4_general_ci;

--
-- Create foreign key
--
ALTER TABLE group_question 
  ADD CONSTRAINT FKajjkw2xbr81emufhhx6ectk4g FOREIGN KEY (part_id)
    REFERENCES parts(id);

--
-- Create table `questions`
--
CREATE TABLE questions (
  id BIGINT(20) NOT NULL AUTO_INCREMENT,
  correct_answer VARCHAR(255) DEFAULT NULL,
  option1 VARCHAR(255) DEFAULT NULL,
  option2 VARCHAR(255) DEFAULT NULL,
  option3 VARCHAR(255) DEFAULT NULL,
  option4 VARCHAR(255) DEFAULT NULL,
  question_content VARCHAR(255) DEFAULT NULL,
  question_img VARCHAR(255) DEFAULT NULL,
  question_number BIGINT(20) NOT NULL,
  group_question_id INT(11) DEFAULT NULL,
  PRIMARY KEY (id)
)
ENGINE = INNODB,
AUTO_INCREMENT = 117,
AVG_ROW_LENGTH = 450,
CHARACTER SET utf8mb4,
COLLATE utf8mb4_general_ci;

--
-- Create foreign key
--
ALTER TABLE questions 
  ADD CONSTRAINT FKmbjgv6xqox1wgxxt9tm2bjern FOREIGN KEY (group_question_id)
    REFERENCES group_question(id);

--
-- Create table `users`
--
CREATE TABLE users (
  id INT(11) NOT NULL AUTO_INCREMENT,
  email VARCHAR(255) DEFAULT NULL,
  full_name VARCHAR(255) DEFAULT NULL,
  password VARCHAR(255) DEFAULT NULL,
  PRIMARY KEY (id)
)
ENGINE = INNODB,
AUTO_INCREMENT = 19,
AVG_ROW_LENGTH = 5461,
CHARACTER SET utf8mb4,
COLLATE utf8mb4_general_ci;

--
-- Create table `authority`
--
CREATE TABLE authority (
  id INT(11) NOT NULL AUTO_INCREMENT,
  name VARCHAR(60) DEFAULT NULL,
  PRIMARY KEY (id)
)
ENGINE = INNODB,
AUTO_INCREMENT = 3,
AVG_ROW_LENGTH = 8192,
CHARACTER SET utf8mb4,
COLLATE utf8mb4_general_ci;

--
-- Create index `UK_g6g6arw2xba1pirbuf4ig44jq` on table `authority`
--
ALTER TABLE authority 
  ADD UNIQUE INDEX UK_g6g6arw2xba1pirbuf4ig44jq(name);

--
-- Create table `user_authority`
--
CREATE TABLE user_authority (
  user_id INT(11) NOT NULL,
  authority_id INT(11) NOT NULL,
  PRIMARY KEY (user_id, authority_id)
)
ENGINE = INNODB,
AVG_ROW_LENGTH = 4096,
CHARACTER SET utf8mb4,
COLLATE utf8mb4_general_ci;

--
-- Create foreign key
--
ALTER TABLE user_authority 
  ADD CONSTRAINT FKgvxjs381k6f48d5d2yi11uh89 FOREIGN KEY (authority_id)
    REFERENCES authority(id);

--
-- Create foreign key
--
ALTER TABLE user_authority 
  ADD CONSTRAINT FKhi46vu7680y1hwvmnnuh4cybx FOREIGN KEY (user_id)
    REFERENCES users(id);

--
-- Create table `exams`
--
CREATE TABLE exams (
  id BIGINT(20) NOT NULL AUTO_INCREMENT,
  exam_name VARCHAR(255) DEFAULT NULL,
  total_time DATETIME DEFAULT NULL,
  PRIMARY KEY (id)
)
ENGINE = INNODB,
AUTO_INCREMENT = 45,
AVG_ROW_LENGTH = 4096,
CHARACTER SET utf8mb4,
COLLATE utf8mb4_general_ci;

--
-- Create table `exam_part`
--
CREATE TABLE exam_part (
  exam_id BIGINT(20) NOT NULL,
  part_id BIGINT(20) NOT NULL
)
ENGINE = INNODB,
AVG_ROW_LENGTH = 585,
CHARACTER SET utf8mb4,
COLLATE utf8mb4_general_ci;

--
-- Create foreign key
--
ALTER TABLE exam_part 
  ADD CONSTRAINT FK29ijln51ol23pkhwo4ukif2wn FOREIGN KEY (part_id)
    REFERENCES parts(id);

--
-- Create foreign key
--
ALTER TABLE exam_part 
  ADD CONSTRAINT FKb0weqgsjaxm9e8ul9u8aql941 FOREIGN KEY (exam_id)
    REFERENCES exams(id);

--
-- Create table `hibernate_sequence`
--
CREATE TABLE hibernate_sequence (
  next_val BIGINT(20) DEFAULT NULL
)
ENGINE = INNODB,
AVG_ROW_LENGTH = 8192,
CHARACTER SET utf8mb4,
COLLATE utf8mb4_general_ci;

CREATE USER 'pma'@'localhost' IDENTIFIED WITH mysql_native_password;
GRANT SELECT, INSERT, UPDATE, DELETE ON  phpmyadmin.* TO 'pma'@'localhost';



CREATE USER 'root'@'127.0.0.1' IDENTIFIED WITH mysql_native_password;
GRANT Usage ON *.* TO 'root'@'127.0.0.1' 
WITH GRANT OPTION;
GRANT ALL PRIVILEGES ON *.* TO 'root'@'127.0.0.1';



CREATE USER 'root'@'::1' IDENTIFIED WITH mysql_native_password;
GRANT Usage ON *.* TO 'root'@'::1' 
WITH GRANT OPTION;
GRANT ALL PRIVILEGES ON *.* TO 'root'@'::1';



CREATE USER 'root'@'localhost' IDENTIFIED WITH mysql_native_password;
GRANT Usage ON *.* TO 'root'@'localhost' 
WITH GRANT OPTION;
GRANT ALL PRIVILEGES ON *.* TO 'root'@'localhost';
GRANT PROXY ON ''@'' TO 'root'@'localhost' WITH GRANT OPTION;



-- 
-- Dumping data for table parts
--
INSERT INTO parts VALUES
(2, '1', '<p><strong>Directions: </strong>For each question, you will see a picture and you will hear four short statements. The statements will be spoken just one time. They will not be printed in your test book so you must listen carefully to understand what the ', 'Part I: Picture Description'),
(3, '2', '<p><strong>Directions: </strong>In this part of the test, you will hear a question or statement spoken in English, followed by three responses, also spoken in English. The question or statement and the responses will be spoken just one time. They will not', 'Part II: Question - Response'),
(4, '3', '<p><strong>Directions: </strong>You will hear some conversations between two people. You will be asked to answer three questions about what the speakers say in each conversation. Select the best response to each question and mark the letter (A), (B), (C) ', 'Part III: Short Conversations'),
(5, '4', '<p><strong>Directions: </strong>You will hear some talks given by a single speaker. You will be asked to answer three questions about what the speaker says in each talk. Select the best response to each question and mark the letter (A), (B), (C) or (D) on', 'Part IV: Short Talks'),
(15, '5', '<p><strong>Directions: </strong>A word or pharse is missing in each of the sentences below. Four answer choices are given below each sentence. Select the best answer to complete the sentence. Then mark the letter (A), (B), (C) or (D) on your answer sheet.', 'Part V: Incomplete Sentences'),
(16, '6', '<p><strong>Directions: </strong>Read the texts that follow. A word or pharse is missing in some of the sentences. Four answer choices are given below each of the sentences. Select the best answer to complete the text. Then mark the letter (A), (B), (C) or', 'Part VI: Incomplete Sentences'),
(17, '7', '<p><strong>Directions: </strong>In this part you will read a selection of texts, such as magezine and newspaper articles, letters, and advertisements. Each text is followed by several questions. Select the best answer for each question and mark the letter', 'Part VII: Reading Comprehension'),
(37, '1.1', '<p><strong>Directions: </strong>For each question, you will see a picture and you will hear four short statements. The statements will be spoken just one time. They will not be printed in your test book so you must listen carefully to understand what the ', 'Part I: Picture Description'),
(38, '1.2', '<p><strong>Directions: </strong>For each question, you will see a picture and you will hear four short statements. The statements will be spoken just one time. They will not be printed in your test book so you must listen carefully to understand what the ', 'Part I: Picture Description'),
(39, '1.3', '<p><strong>Directions: </strong>For each question, you will see a picture and you will hear four short statements. The statements will be spoken just one time. They will not be printed in your test book so you must listen carefully to understand what the ', 'Part I: Picture Description');

-- 
-- Dumping data for table users
--
INSERT INTO users VALUES
(14, 'trongha@gmail.com', 'Lê Trọng Hà', '$2a$10$klBYQQXRC0U1GG.lnqZoUe43Mrx5Dw0j4H7eh8JeB5i7kb1puKr/e'),
(16, 'tienan@gmail.com', 'Nguyen Tien An', '$2a$10$MvWWGYgQO29SiK015h0wdej7SHdnDjzFiGbgnQkv11RE80pLlFO7u'),
(17, 'dangcuong@gmail.com', 'Đặng Quốc Cường', '$2a$10$bWfrl8IcjjuEMCdpRMo7k.YLeZgFEoLHv6lZy.xG9hf507cWAqviC'),
(18, 'haidv2801@gmail.com', 'Đỗ Văn Hải', '$2a$10$S8EgCQd4JdguBqYsI4FsWOtVQZmnOkNjjBL6jkei.qkZYSnLd/kXO');

-- 
-- Dumping data for table authority
--
INSERT INTO authority VALUES
(2, 'ROLE_ADMIN'),
(1, 'ROLE_USER');

-- 
-- Dumping data for table group_question
--
INSERT INTO group_question VALUES
(1, 'ets_2020_01_part1.mp3', '<p>Please refrain from replaying the audio, you can only listen one time when in real exam.</p>', '', '', 'Mark your answer on your answer sheet 1 - 3:', '2', 0),
(4, 'ets_2020_01_part2.mp3', '<p>Please refrain from replaying the audio, you can only listen one time when in real exam.</p>', '', '', 'Mark your answer on your answer sheet 4 - 15:', '3', 0),
(5, 'ets_2020_01_part3-17-19.mp3', '<p>Please refrain from replaying the audio, you can only listen one time when in real exam.</p>', '', '', 'Question 16 - 18 refer to following conversation:', '4', 0),
(6, 'ets_2020_01_part4-36-38.mp3', '<p>Please refrain from replaying the audio, you can only listen one time when in real exam.</p>', '', '', 'Question 36 - 38 refer to following conversation:', '5', 0),
(9, 'ets_2020_01_part3-19-21.mp3', '<p>Please refrain from replaying the audio, you can only listen one time when in real exam.</p>', '', '', 'Question 19 - 21 refer to following conversation:', '4', 0),
(10, 'ets_2020_01_part3-22-24.mp3', '<p>Please refrain from replaying the audio, you can only listen one time when in real exam.</p>', '', '', 'Question 22 - 24 refer to following conversation:', '4', 0),
(11, 'ets_2020_01_part3-25-28.mp3', '<p>Please refrain from replaying the audio, you can only listen one time when in real exam.</p>', '', '', 'Question 25 - 27 refer to following conversation:', '4', 0),
(12, 'ets_2020_01_part3-28-30.mp3', '<p>Please refrain from replaying the audio, you can only listen one time when in real exam.</p>', '', '', 'Question 28 - 30 refer to following conversation:', '4', 0),
(13, 'ets_2020_01_part3-31-33.mp3', '<p>Please refrain from replaying the audio, you can only listen one time when in real exam.</p>', '', '', 'Question 31 - 33 refer to following conversation:', '4', 0),
(14, 'ets_2020_01_part3-34-35.mp3', '<p>Please refrain from replaying the audio, you can only listen one time when in real exam.</p>', '', '', 'Question 34 - 35 refer to following conversation:', '4', 0),
(15, 'ets_2020_01_part4-39-41.mp3', '<p>Please refrain from replaying the audio, you can only listen one time when in real exam.</p>', '', '', 'Question 39 - 41 refer to following conversation:', '5', 0),
(16, 'ets_2020_01_part4-42-44.mp3', '<p>Please refrain from replaying the audio, you can only listen one time when in real exam.</p>', '', '', 'Question 42 - 44 refer to following conversation:', '5', 0),
(17, 'ets_2020_01_part4-45-47.mp3', '<p>Please refrain from replaying the audio, you can only listen one time when in real exam.</p>', '', '', 'Question 45 - 47 refer to following conversation:', '5', 0),
(18, 'ets_2020_01_part4-48-50.mp3', '<p>ease refrain from replaying the audio, you can only listen one time when in real exam.</p>', '', '', 'Question 48 - 50 refer to following conversation:', '5', 0),
(19, '', '', '', '', 'Mark your answer on your answer sheet 51 - 80:', '15', 0),
(20, '', '', '', '<p>Pro Unis is now hiring for positions in our production, human resources, and accounting departments. As one of the region’s largest employers, Pro Unis __(1).....__ workforces with uniforms for over 70 years. Since our founding, Pro Unis has been commi', 'Question 81- 83 refer to following paragraph:', '16', 0),
(21, '', '', '', '<p>WS Dental is pleased to announce that our practice is _(1)....._. Our second office is now open at 242 Union Street in Lambton, offering greater _(2)....._ for patients living on the north side of the city. Our original clinic will continue to operate ', 'Question 84 - 86 refer to following paragraph:', '16', 0),
(22, '', '', '', '<p><strong>EMPLOYMENT CENTER</strong></p><figure class="table"><table><tbody><tr><td>Home</td><td><strong>Find a Job</strong></td><td>Apply</td></tr></tbody></table></figure><p><strong>Management Assistant, Property Development Division</strong></p><p>Fuh', 'Question 87 - 92 refer to following paragraph:', '17', 0),
(23, '', '', '', '<figure class="table"><table><tbody><tr><td>http://www.cmb.com</td></tr><tr><td><h4>Crescent Moon Bistro</h4><p>Located along the eastern shore of Canawap Bay, the Crescent Moon Bistro is a unique venue for birthday parties, weddings, corporate gatherings', 'Question 93 - 98 refer to following paragraph:', '17', 0),
(24, '', '', '', '<p>To: (Customer List)</p><p>From: Info@rapidrailways.com</p><p>Date: February 1</p><p>Subject: News</p><p>Rapid Railways would like to reward its loyal customers with a special discount on travel during the month of April. Purchase an adult round-trip ti', 'Question 99 - 100 refer to following paragraph:', '17', 0),
(27, 'ets_2020_02_part1.mp3', '<p>Please refrain from replaying the audio, you can only listen one time when in real exam.</p>', '', '', '02 - Mark your answer on your answer sheet 1- 3 : ', '37', 0),
(28, 'ets_2021_03_part1.mp3', '<p>Please refrain from replaying the audio, you can only listen one time when in real exam.</p>', '', '', '03 - Mark your answer on your answer sheet 1 - 3:', '38', 0),
(29, 'ets_2021_04_part1.mp3', '<p>Please refrain from replaying the audio, you can only listen one time when in real exam.</p>', '', '', '04 - Mark your answer on your answer sheet 1 - 3:', '39', 0);

-- 
-- Dumping data for table exams
--
INSERT INTO exams VALUES
(2, 'ETS 2021 - Test 1', '2021-04-20 02:00:00'),
(42, 'ETS 2021 - Test 2', '2021-04-23 02:00:00'),
(43, 'ETS 2021 - Test 3', '2021-04-23 02:00:00'),
(44, 'ETS 2021 - Test 4', '2021-04-23 02:00:00');

-- 
-- Dumping data for table user_authority
--
INSERT INTO user_authority VALUES
(14, 1),
(16, 2),
(17, 1),
(18, 2);

-- 
-- Dumping data for table questions
--
INSERT INTO questions VALUES
(1, 'B', 'A woman is painting a house.', 'A woman is watering a plant. ', 'A woman is fixing a door.', 'A woman is sweeping a walkway.', 'Select the answer', 'ets_2020_01_part1_1.jpg', 1, 1),
(3, 'C', 'They''re folding some papers.', 'They''re putting a picture in a frame.', 'They''re studying a drawing. ', 'They''re closing a window.', 'Select the answer', 'ets_2020_01_part1_2.jpg', 2, 1),
(4, 'D', 'The man is turning on a light.', 'The man is giving the woman a book.', 'The woman is posting signs on a wall.', 'The woman is typing on a keyboard. ', 'Select the answer', 'ets_2020_01_part1_3.jpg', 3, 1),
(5, 'A', 'Min-Su would like to. ', 'Our phone number has changed.', ' A well-run organization.', '', 'Who wants to organize the patient files?', '', 4, 4),
(6, 'C', 'Yes, my new laptop.', 'utside of office 101.', 'Because she left early. ', '', 'Why didn''t Miranda shut down the computers yesterday?', '', 5, 4),
(7, 'B', 'bout five dollars.', 'The pie sounds delicious. ', 'I just put it on.', '', 'Would you like the pie or the pudding for dessert?', '', 6, 4),
(8, 'C', 'At a hardware store', 'At a clothing shop', 'At a bakery  ', 'At a pharmacy', 'Where is the conversation most likely taking place?', '', 16, 5),
(9, 'B', 'By advertising online', 'By offering a new product ', 'y providing free delivery ', 'By discounting some items', 'How do the speakers hope to increase sales?', '', 17, 5),
(10, 'D', 'Contact a vendor', 'Talk to a colleague', 'File some invoices ', 'Get some more supplies ', 'What will the man do next?', '', 18, 5),
(11, 'B', 'A retirement party', ' holiday parade ', 'A business workshop ', 'A company picnic', 'According to the speaker, what will take place on Saturday?', '', 36, 6),
(12, 'C', 'At a bank', 'At an amusement park', 'At a restaurant', 'At a police station', 'Where do the listeners work?', '', 37, 6),
(13, 'B', 'Wear warm clothing', 'se public transportation ', 'Pack a lunch ', 'Bring identification', 'What does the speaker suggest that the listeners do?', '', 38, 6),
(14, 'C', 'He used to live there.', 'A newspaper article.', 'Yes, I read it this morning. ', '', 'Didn''t you read Mr. Kim''s memo?', '', 7, 4),
(16, 'B', 'Platform nineteen.', 'Sure—here it is. ', 'A window seat.', '', 'Excuse me, may I check your train ticket, please?', '', 8, 4),
(17, 'A', 'The green one. ', 'Some mint tea, please.', 'All of the shirts have been folded.', '', 'Which folder should I place this document in?', '', 9, 4),
(18, 'A', 'Near the entrance. ', 'A new set of luggage.', 'The annual pharmacist convention.', '', 'Where can I pick up my name tag for the conference?', '', 10, 4),
(19, 'A', 'I actually teach math. ', 'We left early.', 'She was trained for a month.', '', 'Why did you decide to become a history teacher?', '', 11, 4),
(20, 'A', 'Yes, we''ll do that today. ', 'At the farmer''s market.', 'Thirty reservations.', '', 'Doesn''t the restaurant menu need to be updated for summer?', '', 12, 4),
(21, 'A', 'I can''t decide on a color. ', 'No, we didn''t buy tickets.', 'The room next to the elevator.', '', 'When are you going to paint your office?', '', 13, 4),
(22, 'B', 'It went well.', 'Right, it''s on Monday. ', 'Only a laptop.', '', 'Isn''t our presentation next week?', '', 14, 4),
(23, 'B', 'No, to the left.', 'Yes, it''s nearly ready. ', 'That''s a fun movie.', '', 'You''re working on programming the Web site, right?', '', 15, 4),
(24, 'D', 'At an appliance manufacturer', 'At a construction firm', 'At a grocery store', 'At an apartment complex', 'Where do the speakers most likely work?', '', 19, 9),
(25, 'A', 'A budget', 'A contract', 'A job posting ', 'An instruction manual', 'What does the woman say she will review?', '', 20, 9),
(26, 'B', 'Schedule an interview', 'Arrange a discount ', 'Make a delivery ', 'Print some brochures', 'What does the man hope to do this afternoon?', '', 21, 9),
(27, 'B', 'A flight attendant', 'A sales representative ', 'An event organizer ', 'A repair technician', 'Who most likely is the man?', '', 22, 10),
(29, 'D', 'Read some client information', 'Prepare a contract', 'Make a dinner reservation ', 'Check some equipment ', 'What does the woman say the man should do before a meeting?', '', 23, 10),
(30, 'D', 'Read some client information', 'Prepare a contract', 'Make a dinner reservation ', 'Check some equipment ', 'What does the woman say the man should do before a meeting?', '', 24, 10),
(31, 'A', 'At a clothing shop ', 'At a photography studio', 'At a travel agency ', 'At a furniture store', 'Where do the speakers work?', '', 25, 11),
(32, 'D', 'To request assistance', 'To correct an error', 'To express disagreement ', 'To make a guess ', ' Why does the man say, \\"Coffee shops need a lot of tables and chairs\\"?', '', 26, 11),
(33, 'C', 'Process an online order', 'Call the building''s property manager', 'Meet some new neighbors  ', 'Fix a broken piece of equipment', 'What will the woman do next?', '', 27, 11),
(34, 'A', 'He used the wrong entrance. ', 'He is late for an appointment.', 'He forgot to bring identification. ', 'He lost an order number.', 'Why does the man apologize?', '', 28, 12),
(35, 'C', 'Delivery driver', 'Electrician', 'Journalist  ', 'Security guard', 'What is the man’s job?', '', 29, 12),
(36, 'B', 'To a conference room', 'To a security desk ', 'To a construction site ', 'To a loading dock', 'Where does the woman direct the man to go?', '', 30, 12),
(37, 'B', 'At an advertising agency', ' At an electronics shop ', 'At a furniture store ', 'At an assembly plant', 'Where do the speakers most likely work?', '', 31, 13),
(38, 'C', 'To ask for help', 'To refuse a request', 'To express agreement  ', 'To show concern', 'Why does the woman say, \\"We''ve already sold out\\"?', '', 32, 13),
(39, 'A', 'It has good online reviews. ', 'It has a lifetime warranty.', 'It is being advertised by celebrities. ', 'It is being sold at a low price.', 'According to the woman, why is a product popular?', '', 33, 13),
(40, 'B', 'To return a defective item', 'To purchase a gift ', 'To publicize a festival ', 'To apply for a position', 'Why are the men at the store?', '', 34, 14),
(41, 'A', 'Hiking ', 'Swimming', 'Skiing ', 'Cycling', 'What hobby is mentioned?', '', 35, 14),
(42, 'B', 'A travel agent', 'An author ', 'A librarian ', 'A news reporter', 'Who most likely is Rita Perez?', '', 39, 15),
(43, 'C', 'She won a contest.', 'She received a promotion.', ' She has become successful.  ', 'She will travel abroad.', 'Why is the speaker happy for Rita Perez?', '', 40, 15),
(44, 'A', 'Silence their phones ', 'Take their seats', 'Ask questions ', 'Make a purchase', 'What does the speaker request that the listeners do?', '', 41, 15),
(45, 'D', 'Laboratory technicians', 'Doctors', 'Telecommunication specialists ', 'Software designers ', 'Who most likely are the listeners?', '', 42, 16),
(46, 'A', 'A product is effective. ', 'A deadline was extended.', 'Some tasks have been reassigned. ', 'Some staff members are not being careful.', 'What does the speaker imply when she says, they spent fifteen minutes less than usual completing reports each shift?', '', 43, 16),
(47, 'B', 'Tour a facility', 'Review some charts ', 'Enjoy some refreshments ', 'Watch a product demonstration', 'What will the listeners do next?', '', 44, 16),
(48, 'D', 'At a health food store', 'At a dentist''s office', 'At a fitness center ', 'At a pharmacy ', 'Where does the speaker work?', '', 45, 17),
(49, 'B', 'To ask the listener to work an additional shift', 'To encourage the listener to come at a different time ', 'To complain about a decision ', 'To refuse a request for time off', 'Why does the speaker say, \\"we will be short staffed from four to five due to employee training\\"?', '', 46, 17),
(50, 'A', 'Bring identification ', 'Pay an overdue bill', 'Register online ', 'Submit a time sheet', 'What does the speaker remind the listener to do?', '', 47, 17),
(51, 'B', 'A city official', 'A company president ', 'An office supervisor ', 'A university professor', 'According to the speaker, who is Min-Ah Choi?', '', 48, 18),
(52, 'C', 'Project management', 'Computer skills', 'Financial planning  ', 'Product marketing', 'What is the focus of the seminar?', '', 49, 18),
(53, 'A', 'Sign in online ', 'Pick up a handout', 'Ask questions ', 'Form small groups', 'What does the speaker ask the listeners to do?', '', 50, 18),
(54, 'A', 'locations ', 'locate', 'located', 'location', 'Sunwirth Sneakers has several ....._ in the greater metropolitan area.', '', 51, 19),
(55, 'B', 'buying', 'paying ', 'going', 'eating', 'Cimber CPAs offers clients the convenience of ..... their invoices online and by mail.', '', 52, 19),
(56, 'D', ' reliable', 'to rely', 'more reliable', 'eliably ', 'The new software at Patel Industries has been working ..... since it was installed last year.', '', 53, 19),
(57, 'D', 'along', 'toward', 'over', 'throughout ', 'Best practices in customer service are outlined ..... the training handbook.', '', 54, 19),
(58, 'C', 'simple', 'simpler', 'simply ', 'simplicity', 'The Scratch software will help us migrate our client records .....', '', 55, 19),
(59, 'B', 'herself', 'her ', 'she', 'hers', 'The comedian said that ..... sense of humor was inherited from a grandparent.', '', 56, 19),
(60, 'A', 'from ', 'beside', 'along', 'after', 'Starting this August, Gavelton Bike Tours will be leading group cycling trips ..... Paris to Berlin.', '', 57, 19),
(61, 'A', 'reach ', 'talk', 'reason', 'put', ' We hope to ..... an agreement with Mason Cooper, Inc., within the next week.', '', 58, 19),
(62, 'C', 'if', 'to', 'of', 'as', 'Factory-floor managers must submit an inspection report at the end ..... their shift.', '', 59, 19),
(63, 'C', 'Sometimes', 'Later', 'Formerly ', 'Frequently', '..... a retail store, Seedum International will now sell merchandise only through its Web site.', '', 60, 19),
(64, 'D', 'or', 'and', 'with', 'nor ', 'Remarkably, neither Ms. Chen ..... Mr. Gillespie had been notified that the board meeting was canceled.', '', 61, 19),
(65, 'D', 'rigid', 'most rigidly', 'rigidly', 'more rigid ', 'The new microwave soup containers are ..... than the previous ones.', '', 62, 19),
(66, 'C', 'regular', 'general', ' proud ', 'favorite', 'The Banly Tourism Society is ..... to present the first issue of its publication, The Banly Quarterly.', '', 63, 19),
(67, 'B', 'evaluate', 'evaluation ', 'evaluator', 'evaluative', 'Konixer Printers is conducting a thorough ..... of current requests for equipment upgrades.', '', 64, 19),
(68, 'A', 'espite ', 'Across', 'Besides', 'Inside', '..... the addition of 300 spaces, the ferry terminal’s parking area is still full by 9:00 A.M. every day.', '', 65, 19),
(69, 'C', 'collaboration', 'collaborative', 'collaboratively ', 'collaborate', 'Justlox, Inc., is planning to ..... redesign Model 543Q with its partners in Britain to ensure a better product.', '', 66, 19),
(70, 'A', 'assortment ', 'excitement', 'account', 'industry', 'Each box of Lane Permanent Markers contains an ..... of surprising colors.', '', 67, 19),
(71, 'D', 'safe', 'close', 'clean', 'prompt ', 'We were pleased by the ..... and courteous reply we received from Astella Airlines concerning the change in itinerary.', '', 68, 19),
(72, 'B', 'grow', 'growth ', ' grew', 'grown', 'The rising employment rate is one factor contributing to ..... in the housing construction trade.', '', 69, 19),
(73, 'B', 'specify', 'specified ', 'specifying', 'specification', 'The color of the new chairs was not ..... on the invoice', '', 70, 19),
(74, 'A', 'minimum ', 'temporary', 'bottom', 'durable', 'Two hours is the ..... amount of time needed to complete the assignment.', '', 71, 19),
(75, 'D', 'stabilized', 'stability', 'stabilizing', 'stabilize ', 'A successful digital marketing campaign has helped Fossler Electronics ..... its profit margins.', '', 72, 19),
(76, 'B', 'supervisors', 'supervisory ', 'supervise', 'supervises', 'Applicants for the position of data manager are expected to have a minimum of three years’ ..... experience.', '', 73, 19),
(77, 'D', 'record', 'recording', 'being recorded', 'was recorded ', 'The mayor’s speech at Monday’s business breakfast ..... and will be broadcast later this week.', '', 74, 19),
(78, 'D', 'soon', 'suddenly', 'well', 'repeatedly ', 'The researchers ..... tested different formulas until the desired results were achieved.', '', 75, 19),
(79, 'D', 'commit', 'associate', 'reserve', 'finance ', 'oan specialists at Newton Bank can help your company ..... equipment purchases.', '', 76, 19),
(80, 'B', 'After all', 'Because of ', 'For this reason', 'As long as', '..... our partnership with Shox Gym, we are able to provide employees with a free membership to the fitness center.', '', 77, 19),
(81, 'A', 'anyone ', 'anywhere', 'anyway', 'anyhow', 'Mr. Tran asked the department whether ..... could work overtime on Friday.', '', 78, 19),
(82, 'C', 'deadline', 'availability', 'profitability ', 'emphasis', 'Canyonland Corporation will research the potential ..... of expanding its overseas market to East Africa.', '', 79, 19),
(83, 'C', 'who', 'what', 'which ', 'whose', 'Chef Lind’s cookbook, ..... will be available next week, contains only dessert recipes.', '', 80, 19),
(84, 'D', 'outfitted', 'will outfit ', 'is outfitting', 'has been outfitting ', '__(0)__', '', 81, 20),
(85, 'D', 'advanced', 'an advance ', 'they advance', 'advancement ', '__(1)__', '', 82, 20),
(86, 'C', 'issues', 'events ', 'openings ', 'investments', '__(2)__', '', 83, 20),
(87, 'B', 'training', 'expanding  ', 'calling', 'moving', '__(0)__', '', 84, 21),
(88, 'D', 'collection', 'production ', 'performance', 'convenience ', '__(1)__', '', 85, 21),
(89, 'C', 'exception', 'exceptions ', 'exceptional ', 'exceptionally', '__(2)__', '', 86, 21),
(90, 'C', 'The location of Fuhr Realty Ltd.', 'A starting date for the position', 'A description of job responsibilities ', 'A description of job responsibilities', 'What is included in the job posting?', '', 87, 22),
(91, 'D', 'A degree in accounting', 'A professional certification', 'Experience as a manager', 'Experience as a manager ', 'What qualification is necessary for the position?', '', 88, 22),
(92, 'C', 'The location of Fuhr Realty Ltd.', ' A starting date for the position', 'A description of job responsibilities ', 'A description of job responsibilities', 'What is included in the job posting?', '', 89, 22),
(93, 'D', 'A degree in accounting', 'A professional certification', 'Experience as a manager', 'Experience as a manager ', 'What qualification is necessary for the position?', '', 90, 22),
(94, 'C', 'The location of Fuhr Realty Ltd.', 'A starting date for the position', 'A description of job responsibilities ', 'A description of job responsibilities', 'What is included in the job posting?', '', 91, 22),
(95, 'D', 'A degree in accounting', 'A professional certification', 'Experience as a manager', 'Experience as a manager ', 'What qualification is necessary for the position?', '', 92, 22),
(96, 'C', 'A vacation rental', 'A new hotel', 'An event space ', 'An event space', 'What is being advertised?', '', 93, 23),
(97, 'A', 'A discounted reservation rate ', 'A special concert', 'A famous recipe book', 'A famous recipe book', 'What will be offered on October 10 ?', '', 94, 23),
(98, 'C', 'A vacation rental', 'A new hotel', 'An event space ', 'An event space', 'What is being advertised?', '', 95, 23),
(99, 'A', 'A discounted reservation rate ', 'A special concert', 'A famous recipe book', 'A famous recipe book', 'What will be offered on October 10 ?', '', 96, 23),
(100, 'C', 'A vacation rental', 'A new hotel', 'An event space ', 'An event space', 'What is being advertised?', '', 97, 23),
(101, 'A', 'A discounted reservation rate ', 'A special concert', 'A famous recipe book', 'A famous recipe book', 'What will be offered on October 10 ?', '', 98, 23),
(102, 'C', 'To publicize an updated service', 'To attract first-time customers', 'To increase the sale of April tickets', 'To promote Rapid Railways Express', 'What is the purpose of the e—mail?', '', 99, 24),
(103, 'D', 'It includes children.', 'It requires that tickets be purchased over the phone.', 'It applies only to tickets already purchased.', ' It applies only to tickets already purchased. ', 'What is true about the special discount?', '', 100, 24),
(108, 'C', 'She’s closing a door.', 'She’s washing some plates.', 'She’s preparing some food ', 'She’s sweeping a floor.', 'Select the answer', 'ets_2020_02_part1_1.jpg', 1, 27),
(109, 'B', 'They’re taking off their jackets.', 'They’re walking outside. ', 'They’re going into a building.', 'They’re packing some luggage.', 'Select the answer', 'ets_2020_02_part1_2.jpg', 2, 27),
(110, 'D', 'They’re shaking hands across a counter.', 'They’re putting stamps on envelopes.', 'A man is organizing documents in a folder.', 'A woman is writing on a piece of paper. ', 'Select the answer', 'ets_2020_02_part1_3.jpg', 3, 27),
(111, 'A', 'He’s tying his shoe. ', 'He’s cutting the grass.', 'He’s reading a magazine.', 'He’s walking around a fountain.', 'Select the answer', 'ets_2021_03_part1_1.jpg', 1, 28),
(112, 'D', 'They’re installing a railing.', 'They’re sweeping the steps.', 'They’re looking out a window.', 'They’re going down some stairs. ', 'Select the answer', 'ets_2021_03_part1_2.jpg', 2, 28),
(113, 'C', 'She’s paying at a counter.', 'She has stacked books on shelves.', 'She has opened a refrigerator. ', 'She’s eating a meal in a restaurant.', 'Select the answer', 'ets_2021_03_part1_3.jpg', 3, 28),
(114, 'A', 'He’s carrying some packages. ', 'He’s putting on a hat.', 'He’s pushing a cart.', 'He’s washing some windows.', 'Select the answer', 'ets_2021_04_part1_1.jpg', 1, 29),
(115, 'C', 'She’s hanging up a sign.', 'She’s painting a wall.', 'She’s using some office equipment. ', 'She’s emptying a recycling bin', 'Select the answer', 'ets_2021_04_part1_2.jpg', 2, 29),
(116, 'C', 'A customer is placing a tray in a sink.', 'A customer is handing money to a cashier.', 'A cashier is holding an item. ', 'A cashier is stacking some cups.', 'Select the answer', 'ets_2021_04_part1_3.jpg', 3, 29);

-- 
-- Dumping data for table hibernate_sequence
--
INSERT INTO hibernate_sequence VALUES
(1),
(40);

-- 
-- Dumping data for table exam_part
--
INSERT INTO exam_part VALUES
(2, 2),
(2, 3),
(2, 4),
(2, 5),
(2, 15),
(2, 16),
(2, 17),
(42, 37),
(42, 3),
(42, 4),
(42, 5),
(42, 15),
(42, 16),
(42, 17),
(44, 39),
(44, 3),
(44, 4),
(44, 5),
(44, 15),
(44, 16),
(44, 17),
(43, 38),
(43, 3),
(43, 4),
(43, 5),
(43, 15),
(43, 16),
(43, 17);

-- 
-- Restore previous SQL mode
-- 
/*!40101 SET SQL_MODE=@OLD_SQL_MODE */;

-- 
-- Enable foreign keys
-- 
/*!40014 SET FOREIGN_KEY_CHECKS=@OLD_FOREIGN_KEY_CHECKS */;